Gen	lnL	lnP	TL	Insertion	Deletion	R[0-0]	R[0-1]	R[0-2]	R[0-3]	R[0-4]	R[1-1]	R[1-2]	R[1-3]	R[1-4]	R[2-2]	R[2-3]	R[2-4]	R[3-3]	R[3-4]	R[4-4]	F[0]	F[1]	F[2]	F[3]	F[4]	F[5]	F[6]	F[7]	F[8]	F[9]	F[10]	F[11]	F[12]	F[13]	F[14]	F[15]	F[16]	F[17]	F[18]	F[19]	F[20]	F[21]	F[22]	F[23]	F[24]	F[25]	F[26]	F[27]	F[28]	F[29]	F[30]	F[31]	F[32]	F[33]	F[34]	F[35]	F[36]	F[37]	F[38]	F[39]	F[40]	F[41]	F[42]	F[43]	F[44]	F[45]	F[46]	F[47]	F[48]	F[49]	F[50]	F[51]	F[52]	F[53]	F[54]	F[55]	F[56]	F[57]	F[58]	F[59]	F[60]	F[61]	F[62]	F[63]	F[64]	F[65]	F[66]	F[67]	F[68]	F[69]	F[70]	F[71]	F[72]	F[73]	F[74]	F[75]	F[76]	F[77]	F[78]	F[79]	F[80]	F[81]	F[82]	
1	-7627.461974	288.381575	19.911309	0.000313	0.000378	0.186952	0.074667	0.017412	0.059524	0.004048	0.086764	0.005401	0.062215	0.121280	0.090477	0.049401	0.035606	0.072096	0.093397	0.040761	0.002612	0.003379	0.002037	0.008894	0.001741	0.001992	0.022073	0.012848	0.001640	0.003528	0.000899	0.005017	0.007857	0.034566	0.025579	0.000885	0.014065	0.010663	0.014645	0.066999	0.011426	0.001970	0.040047	0.005983	0.005248	0.001757	0.036114	0.007473	0.000971	0.028207	0.012060	0.006352	0.015933	0.007620	0.025226	0.008863	0.003526	0.005788	0.004429	0.027302	0.062727	0.007514	0.009891	0.013605	0.009998	0.010512	0.014780	0.008941	0.011133	0.021878	0.001479	0.000464	0.007742	0.006099	0.002431	0.019165	0.007685	0.000100	0.003244	0.013500	0.005693	0.029057	0.033045	0.000990	0.000702	0.002815	0.000116	0.001879	0.013487	0.011155	0.002706	0.005790	0.000362	0.006862	0.006158	0.040586	0.010263	0.010312	0.001729	0.033714	0.021316	0.002700	0.027463	
100	-7489.326778	293.167994	15.400845	0.000313	0.000378	0.185870	0.072006	0.015928	0.063510	0.003578	0.084347	0.002905	0.065030	0.139659	0.094280	0.045774	0.034399	0.068360	0.072791	0.051562	0.002657	0.003436	0.002071	0.009045	0.001770	0.002025	0.022448	0.013066	0.001668	0.003588	0.000914	0.005103	0.007990	0.035153	0.026013	0.000900	0.014304	0.010845	0.014894	0.068136	0.011620	0.002003	0.040727	0.009771	0.005337	0.001787	0.036727	0.007600	0.000987	0.009386	0.012265	0.006460	0.016204	0.007749	0.025654	0.009014	0.003586	0.005886	0.004504	0.029438	0.063792	0.007641	0.010059	0.013836	0.010168	0.010690	0.015031	0.009093	0.011322	0.022250	0.001504	0.000472	0.007874	0.006202	0.002472	0.019491	0.007816	0.000102	0.003299	0.013729	0.005789	0.029551	0.033606	0.001007	0.000714	0.002863	0.000118	0.001911	0.013716	0.011344	0.002752	0.005889	0.000368	0.006978	0.006263	0.041275	0.007398	0.010487	0.001759	0.034286	0.021678	0.002746	0.027930	
200	-6793.953854	296.987397	12.431080	0.000556	0.000671	0.198493	0.098290	0.004727	0.070682	0.003894	0.104568	0.009079	0.050946	0.103256	0.099840	0.043873	0.018919	0.061290	0.070935	0.061208	0.002657	0.003436	0.002071	0.009045	0.001770	0.002025	0.022448	0.013066	0.001668	0.003588	0.000914	0.005103	0.007990	0.035153	0.026013	0.000900	0.014304	0.010845	0.014894	0.068136	0.011620	0.002003	0.040727	0.009771	0.005337	0.001787	0.036727	0.007600	0.000987	0.009386	0.012265	0.006460	0.016204	0.007749	0.025654	0.009014	0.003586	0.005886	0.004504	0.029438	0.063792	0.007641	0.010059	0.013836	0.010168	0.010690	0.015031	0.009093	0.011322	0.022250	0.001504	0.000472	0.007874	0.006202	0.002472	0.019491	0.007816	0.000102	0.003299	0.013729	0.005789	0.029551	0.033606	0.001007	0.000714	0.002863	0.000118	0.001911	0.013716	0.011344	0.002752	0.005889	0.000368	0.006978	0.006263	0.041275	0.007398	0.010487	0.001759	0.034286	0.021678	0.002746	0.027930	
300	-6516.250027	304.597544	8.049747	0.000556	0.000671	0.188501	0.108290	0.006957	0.064203	0.002930	0.133210	0.002442	0.045004	0.069499	0.107754	0.024289	0.014630	0.051069	0.074597	0.106625	0.002684	0.003471	0.002092	0.009136	0.001788	0.002046	0.022675	0.013198	0.001685	0.003624	0.000924	0.005154	0.008071	0.035508	0.026276	0.000909	0.014448	0.010954	0.015044	0.068824	0.011738	0.002024	0.041138	0.009869	0.005391	0.001805	0.037098	0.007676	0.000997	0.009481	0.012389	0.006525	0.016367	0.007827	0.025913	0.009800	0.003622	0.005945	0.004549	0.029736	0.064436	0.007718	0.005503	0.013976	0.010271	0.010798	0.015183	0.003055	0.011436	0.022474	0.001520	0.000476	0.007953	0.006265	0.002497	0.019687	0.007895	0.000103	0.003332	0.013868	0.005848	0.029849	0.033945	0.001017	0.000721	0.002892	0.000119	0.001930	0.013855	0.011459	0.002780	0.005948	0.000372	0.007049	0.006326	0.041691	0.007472	0.010593	0.001776	0.034632	0.021897	0.002773	0.028211	
400	-6252.016562	311.913482	5.216916	0.000777	0.000937	0.193651	0.120671	0.001127	0.055155	0.000816	0.150408	0.003201	0.047461	0.054507	0.113769	0.017390	0.010328	0.048256	0.077390	0.105870	0.002637	0.003411	0.002056	0.008979	0.001757	0.002011	0.022284	0.021071	0.001656	0.003561	0.000908	0.005065	0.007932	0.034896	0.025823	0.000893	0.014199	0.010765	0.014785	0.067638	0.011535	0.001989	0.040429	0.009699	0.005298	0.001774	0.036458	0.007544	0.000980	0.009317	0.012175	0.006413	0.016085	0.007692	0.025467	0.009631	0.003559	0.005843	0.004471	0.029223	0.063326	0.007585	0.005408	0.013735	0.010094	0.010612	0.014921	0.003002	0.008989	0.022087	0.001493	0.000468	0.007816	0.006157	0.002454	0.019348	0.007759	0.000101	0.003275	0.013629	0.017549	0.029334	0.033360	0.001000	0.000709	0.002842	0.000117	0.001897	0.013616	0.011262	0.002732	0.005846	0.000365	0.005460	0.006721	0.040973	0.007886	0.010410	0.001746	0.034036	0.021520	0.002726	0.027725	
500	-6095.411375	313.569973	4.725542	0.000777	0.000937	0.200549	0.122915	0.000010	0.054421	0.000454	0.151988	0.003283	0.051051	0.049228	0.114718	0.016227	0.009562	0.050433	0.068150	0.107011	0.002692	0.003481	0.002099	0.009164	0.001794	0.002052	0.022745	0.021507	0.001690	0.003635	0.000927	0.005170	0.008096	0.035617	0.026357	0.000912	0.014493	0.001588	0.015091	0.069036	0.011774	0.002030	0.041265	0.009900	0.005407	0.001811	0.037212	0.007700	0.001000	0.009510	0.012427	0.006545	0.016418	0.007851	0.025993	0.009830	0.003633	0.005964	0.004563	0.029827	0.051908	0.007742	0.005520	0.014019	0.010303	0.010832	0.015229	0.003064	0.009175	0.022544	0.001524	0.000478	0.007978	0.006284	0.031428	0.019748	0.007919	0.000103	0.003343	0.013910	0.017912	0.027298	0.034050	0.001020	0.000724	0.002900	0.000119	0.001936	0.013898	0.011494	0.002788	0.005967	0.000373	0.005573	0.006860	0.016432	0.008050	0.010625	0.001782	0.034739	0.021964	0.003341	0.028298	
600	-5834.579156	311.002972	5.476081	0.001212	0.001461	0.192703	0.113306	0.000010	0.064529	0.001890	0.158510	0.005140	0.049645	0.047169	0.102369	0.021549	0.006632	0.050244	0.068694	0.117611	0.002710	0.003505	0.001880	0.009227	0.001806	0.002066	0.022900	0.021654	0.001701	0.003660	0.000933	0.005205	0.008151	0.035860	0.026536	0.000918	0.014592	0.001599	0.015194	0.069507	0.011854	0.002044	0.041546	0.009967	0.005444	0.001823	0.037466	0.007752	0.001007	0.009575	0.005920	0.006590	0.016530	0.007905	0.026170	0.009897	0.003658	0.006004	0.004594	0.030031	0.052262	0.007795	0.005558	0.014115	0.010373	0.010905	0.015333	0.003085	0.009238	0.022698	0.001535	0.000481	0.008032	0.006327	0.031642	0.019883	0.007973	0.000104	0.003365	0.014005	0.018034	0.027485	0.034282	0.001027	0.000729	0.002920	0.000120	0.001949	0.013992	0.011573	0.002807	0.006007	0.000375	0.005611	0.006907	0.016545	0.008104	0.010698	0.001794	0.034976	0.022114	0.003364	0.028492	
700	-5674.466607	310.182533	5.749451	0.001189	0.001485	0.207309	0.120604	0.000010	0.073118	0.002975	0.166191	0.010814	0.045176	0.017517	0.107254	0.016468	0.006974	0.049404	0.063118	0.113067	0.002734	0.003536	0.001897	0.009307	0.010101	0.002084	0.023099	0.021842	0.001716	0.003692	0.000941	0.005251	0.008222	0.036172	0.026767	0.000926	0.014719	0.001612	0.015326	0.070112	0.011957	0.002061	0.041908	0.010054	0.005492	0.001839	0.037792	0.007820	0.001016	0.009658	0.005972	0.002035	0.016674	0.007974	0.026398	0.009983	0.003690	0.006057	0.004634	0.027682	0.052717	0.007863	0.005606	0.014237	0.010463	0.011000	0.015467	0.003112	0.009318	0.022895	0.001548	0.000485	0.008102	0.006382	0.031918	0.020056	0.008043	0.000105	0.003395	0.014127	0.018191	0.027724	0.034580	0.001036	0.000735	0.002946	0.000121	0.001966	0.014114	0.001913	0.002832	0.006060	0.000379	0.005659	0.006967	0.016689	0.008175	0.010791	0.001810	0.035281	0.022307	0.003393	0.028740	
800	-5404.342808	309.493890	5.898492	0.002331	0.002911	0.251578	0.107287	0.001038	0.038648	0.000079	0.191140	0.006707	0.054894	0.012700	0.080041	0.007967	0.001829	0.057318	0.070079	0.118696	0.002772	0.003585	0.001923	0.009437	0.010242	0.002113	0.023422	0.022147	0.001740	0.003743	0.000954	0.005324	0.008337	0.036678	0.027142	0.000939	0.014924	0.001635	0.015540	0.071092	0.012125	0.002090	0.042493	0.010195	0.005568	0.001865	0.032838	0.007929	0.001030	0.009793	0.006055	0.002064	0.016907	0.008085	0.026767	0.010123	0.003583	0.006141	0.004699	0.028069	0.053454	0.007973	0.005685	0.014436	0.010609	0.011154	0.015683	0.003156	0.009448	0.023215	0.001570	0.000492	0.008215	0.006471	0.032364	0.020336	0.008155	0.000106	0.001618	0.014325	0.018445	0.028111	0.035064	0.001051	0.000745	0.002987	0.000123	0.001994	0.014311	0.001940	0.002871	0.006144	0.000384	0.005739	0.007064	0.016922	0.001778	0.010942	0.001835	0.035774	0.022619	0.003440	0.029141	
900	-5283.019230	310.088261	5.594298	0.003658	0.004568	0.233942	0.114710	0.001053	0.041151	0.000252	0.192781	0.005075	0.054082	0.012502	0.083096	0.007967	0.002216	0.062807	0.065712	0.122655	0.002850	0.003686	0.001978	0.009704	0.010532	0.002173	0.024084	0.022773	0.001789	0.003849	0.000981	0.005474	0.008573	0.037714	0.014895	0.000966	0.015346	0.001681	0.015979	0.073101	0.012467	0.002149	0.043694	0.010483	0.009368	0.001917	0.033765	0.008153	0.001059	0.010070	0.006226	0.002122	0.017384	0.008314	0.027523	0.010409	0.003684	0.006315	0.004832	0.028862	0.054964	0.008198	0.005845	0.014844	0.010909	0.011469	0.016126	0.003245	0.009715	0.023871	0.001614	0.000506	0.008447	0.006654	0.033278	0.020911	0.008385	0.000109	0.001663	0.014729	0.018966	0.028906	0.017174	0.001081	0.000766	0.003071	0.000126	0.002050	0.014716	0.001995	0.002952	0.006318	0.000395	0.005901	0.007264	0.017400	0.001829	0.011251	0.001887	0.036784	0.023258	0.003538	0.029964	
1000	-5258.303986	308.808554	6.035126	0.003658	0.004568	0.235429	0.119417	0.000619	0.039621	0.000384	0.190720	0.007056	0.053829	0.010110	0.090182	0.006965	0.001021	0.064761	0.063153	0.116733	0.002821	0.003648	0.001957	0.009603	0.010422	0.002150	0.023833	0.022536	0.001771	0.003809	0.000971	0.005417	0.009558	0.037321	0.014740	0.000955	0.015186	0.001664	0.006694	0.072339	0.012337	0.002127	0.043239	0.010373	0.009270	0.001897	0.033413	0.008068	0.001048	0.009965	0.006161	0.002100	0.017203	0.032388	0.027237	0.010300	0.003645	0.006249	0.004782	0.028561	0.054391	0.008112	0.005784	0.014690	0.010795	0.011350	0.015958	0.003211	0.003918	0.023622	0.001597	0.000501	0.008359	0.006585	0.032931	0.020693	0.008298	0.000108	0.001646	0.014576	0.018769	0.028604	0.016995	0.001069	0.000758	0.003039	0.000125	0.002029	0.014562	0.001974	0.002922	0.006252	0.000391	0.005839	0.007188	0.017219	0.001810	0.011134	0.001867	0.036401	0.023015	0.003501	0.029652	
1100	-5214.258317	307.502603	6.518763	0.003675	0.004551	0.258272	0.118439	0.000218	0.035521	0.000733	0.192683	0.005591	0.046458	0.005904	0.092556	0.005612	0.000899	0.069649	0.060404	0.107061	0.002839	0.003671	0.001969	0.009664	0.010488	0.002164	0.023984	0.022679	0.001782	0.003833	0.000977	0.005452	0.009619	0.037558	0.014833	0.000962	0.015282	0.001674	0.006736	0.072798	0.012415	0.002140	0.043513	0.010439	0.009329	0.001909	0.033626	0.008120	0.001055	0.010028	0.006200	0.002113	0.017313	0.032594	0.027410	0.010366	0.003669	0.006289	0.004812	0.028742	0.054737	0.008164	0.005821	0.014783	0.010864	0.011422	0.016059	0.006067	0.003943	0.023772	0.001607	0.000504	0.008412	0.006627	0.033141	0.020824	0.008351	0.000109	0.001656	0.014668	0.009729	0.028786	0.017103	0.001076	0.000763	0.003059	0.000100	0.002041	0.014655	0.001987	0.002940	0.006292	0.000393	0.005876	0.007234	0.017328	0.001821	0.011204	0.001879	0.036632	0.023161	0.003523	0.029840	
1200	-5206.326302	307.512459	6.514979	0.003543	0.004683	0.279795	0.109858	0.000289	0.035180	0.000738	0.180546	0.004478	0.034009	0.007733	0.099655	0.005939	0.001606	0.080045	0.053016	0.107112	0.002833	0.003664	0.001966	0.009646	0.010469	0.002160	0.023940	0.022637	0.001779	0.003826	0.000975	0.005442	0.009601	0.037488	0.014806	0.000960	0.015254	0.001671	0.006723	0.072663	0.012392	0.002136	0.043432	0.010420	0.009312	0.011250	0.033563	0.008104	0.001053	0.010010	0.006189	0.002109	0.017280	0.032533	0.027358	0.010346	0.003662	0.006277	0.004803	0.028689	0.054635	0.000666	0.005810	0.014755	0.010844	0.011400	0.016029	0.006056	0.003935	0.023728	0.001604	0.000503	0.008397	0.006614	0.033079	0.020785	0.008335	0.000108	0.001653	0.014641	0.009711	0.028732	0.017071	0.001074	0.000762	0.003053	0.000100	0.002038	0.014628	0.001983	0.002935	0.006280	0.000392	0.005865	0.007220	0.017296	0.001818	0.011184	0.001875	0.036564	0.023118	0.003516	0.029785	
1300	-5015.007553	309.554597	5.774285	0.003543	0.004683	0.282215	0.105622	0.001807	0.027747	0.000527	0.193391	0.002069	0.042481	0.003633	0.097202	0.004225	0.002758	0.069573	0.063919	0.102831	0.002810	0.003634	0.001949	0.009566	0.012314	0.002142	0.023741	0.022449	0.001764	0.003794	0.000967	0.005396	0.009521	0.037177	0.014683	0.000952	0.015127	0.001657	0.006668	0.072059	0.012289	0.002119	0.043071	0.010333	0.009234	0.011156	0.033284	0.008037	0.001044	0.009926	0.006137	0.002092	0.017137	0.032263	0.027131	0.010260	0.003631	0.006225	0.004763	0.028451	0.054181	0.000661	0.005762	0.014633	0.010754	0.011306	0.015896	0.006006	0.003903	0.023531	0.001591	0.000499	0.010674	0.006559	0.032804	0.020613	0.008266	0.000108	0.001640	0.014520	0.009630	0.028494	0.016929	0.001065	0.000755	0.003027	0.000099	0.002021	0.014506	0.001967	0.002910	0.006228	0.000389	0.005817	0.007160	0.017152	0.005830	0.011091	0.001860	0.036260	0.022926	0.003487	0.029538	
1400	-4937.597761	311.245484	5.222155	0.003629	0.004597	0.271018	0.102650	0.000614	0.025864	0.000159	0.210477	0.002561	0.040513	0.004851	0.105566	0.002471	0.002098	0.065777	0.060555	0.104826	0.002817	0.003644	0.001955	0.009592	0.012347	0.002148	0.023806	0.022510	0.001769	0.012917	0.000970	0.005411	0.009547	0.037278	0.014723	0.000954	0.015169	0.001662	0.006686	0.055858	0.012323	0.024915	0.043189	0.010361	0.009260	0.011187	0.033375	0.008059	0.001047	0.009954	0.006154	0.002098	0.017184	0.032351	0.027205	0.010288	0.003641	0.006242	0.004776	0.028528	0.054329	0.000662	0.005778	0.014673	0.009374	0.011337	0.015940	0.006022	0.003913	0.023595	0.001595	0.000500	0.010703	0.006577	0.032894	0.020669	0.008289	0.000108	0.001644	0.014559	0.009657	0.014169	0.016975	0.001068	0.000757	0.003036	0.000099	0.002026	0.014546	0.001972	0.002918	0.006245	0.000390	0.005833	0.007180	0.017199	0.003417	0.011121	0.001865	0.036359	0.022989	0.003497	0.029618	
1500	-4941.325375	311.464492	5.154433	0.003629	0.004597	0.279398	0.094079	0.001650	0.035462	0.000167	0.221354	0.006324	0.036727	0.005531	0.085689	0.005998	0.000508	0.068001	0.057307	0.101806	0.002806	0.003629	0.001947	0.009554	0.012299	0.002139	0.023712	0.022422	0.001762	0.012867	0.000966	0.005390	0.009510	0.037132	0.021607	0.000951	0.015109	0.001655	0.006660	0.055639	0.012275	0.024818	0.043020	0.010321	0.009223	0.011143	0.033244	0.008028	0.001043	0.009915	0.006130	0.002089	0.007840	0.032225	0.027099	0.010248	0.003627	0.006217	0.011008	0.028417	0.054116	0.000660	0.005755	0.014615	0.009337	0.011292	0.015877	0.005999	0.003898	0.023503	0.001589	0.000498	0.010661	0.006552	0.032765	0.020588	0.008256	0.000107	0.001638	0.014502	0.009619	0.014114	0.016909	0.001064	0.000754	0.003024	0.000099	0.002018	0.014489	0.001964	0.002907	0.006220	0.000389	0.005810	0.007152	0.017132	0.003404	0.011077	0.001858	0.036217	0.022899	0.003483	0.029502	
1600	-4855.523005	310.496280	5.420053	0.004178	0.005292	0.294668	0.080786	0.001487	0.025823	0.000032	0.238420	0.006100	0.032786	0.004540	0.086728	0.002893	0.002209	0.071995	0.049215	0.102315	0.002824	0.003652	0.001959	0.009613	0.012374	0.002153	0.023857	0.022559	0.001772	0.012945	0.000972	0.005423	0.009568	0.037359	0.021739	0.000956	0.015202	0.001665	0.006700	0.055980	0.012350	0.024970	0.043283	0.010384	0.009280	0.011211	0.033448	0.008077	0.001049	0.009975	0.006168	0.002102	0.004193	0.032422	0.027265	0.010311	0.003649	0.006255	0.011075	0.028591	0.054447	0.000664	0.005790	0.014705	0.009395	0.011361	0.015974	0.006035	0.003922	0.023646	0.001599	0.000501	0.010727	0.006592	0.032965	0.020714	0.008307	0.000108	0.001648	0.014591	0.009678	0.014200	0.017012	0.001070	0.000759	0.003042	0.000099	0.002031	0.014577	0.001976	0.002925	0.006258	0.000391	0.005845	0.007195	0.017236	0.003425	0.011145	0.001869	0.036439	0.020619	0.003504	0.029683	
1700	-4799.943239	310.737491	5.274706	0.005129	0.006496	0.287402	0.086357	0.001111	0.024618	0.000104	0.228850	0.002293	0.025315	0.005410	0.081514	0.003607	0.001872	0.075770	0.068201	0.107576	0.002824	0.003652	0.001959	0.009613	0.012374	0.002153	0.023857	0.022559	0.001772	0.012945	0.000972	0.005423	0.009568	0.037359	0.021739	0.000956	0.015202	0.001665	0.006700	0.055980	0.012350	0.024970	0.043283	0.010384	0.009280	0.011211	0.033448	0.008077	0.001049	0.009975	0.006168	0.002102	0.004193	0.032422	0.027265	0.010311	0.003649	0.006255	0.011075	0.028591	0.054447	0.000664	0.005790	0.014705	0.009395	0.011361	0.015974	0.006035	0.003922	0.023646	0.001599	0.000501	0.010727	0.006592	0.032965	0.020714	0.008307	0.000108	0.001648	0.014591	0.009678	0.014200	0.017012	0.001070	0.000759	0.003042	0.000100	0.002031	0.014577	0.001976	0.002925	0.006258	0.000391	0.005845	0.007195	0.017236	0.003425	0.011145	0.001869	0.036439	0.020619	0.003504	0.029683	
1800	-4808.252969	311.867246	4.930970	0.005129	0.006496	0.287402	0.086357	0.001111	0.024618	0.000104	0.228850	0.002293	0.025315	0.005410	0.081514	0.003607	0.001872	0.075770	0.068201	0.107576	0.002781	0.003597	0.001930	0.009469	0.028116	0.002120	0.023501	0.022222	0.001746	0.012752	0.000957	0.005342	0.009425	0.036801	0.021414	0.000942	0.014974	0.001641	0.006600	0.055143	0.012165	0.024597	0.042636	0.010229	0.009141	0.011044	0.032948	0.007956	0.001034	0.009826	0.006075	0.002071	0.004130	0.031937	0.026857	0.010157	0.003595	0.006162	0.010910	0.028163	0.053634	0.000654	0.005704	0.014485	0.009254	0.011192	0.015736	0.005945	0.003863	0.023293	0.001575	0.000494	0.012243	0.006493	0.032473	0.020405	0.005525	0.000106	0.001623	0.014373	0.009533	0.013988	0.016758	0.001054	0.000748	0.002997	0.000099	0.002000	0.014360	0.001947	0.002881	0.006165	0.000385	0.005758	0.007088	0.016979	0.003374	0.010979	0.001841	0.035894	0.020311	0.003452	0.029239	
1900	-4720.731578	310.839358	5.046189	0.008160	0.009875	0.289460	0.082324	0.000871	0.023504	0.000261	0.232116	0.001343	0.025036	0.006581	0.080098	0.001974	0.001624	0.073721	0.076965	0.104123	0.002796	0.003617	0.001940	0.009521	0.028269	0.002132	0.023629	0.022343	0.001755	0.012821	0.000963	0.005371	0.009476	0.037002	0.021531	0.000947	0.015056	0.001649	0.006636	0.055444	0.012232	0.024731	0.042869	0.010285	0.009191	0.011104	0.033127	0.007999	0.001039	0.009880	0.006109	0.002082	0.004153	0.032111	0.027003	0.010212	0.003614	0.006196	0.010969	0.028317	0.053926	0.000658	0.005735	0.014564	0.009305	0.011253	0.015821	0.005977	0.003884	0.017970	0.001584	0.000496	0.012310	0.006529	0.032650	0.020516	0.005555	0.000107	0.001632	0.014451	0.009585	0.014064	0.016849	0.001060	0.000752	0.003013	0.000099	0.002011	0.014438	0.001957	0.002897	0.006199	0.000387	0.005789	0.007127	0.017071	0.003392	0.011038	0.001851	0.036090	0.020421	0.003471	0.029398	
2000	-4677.010970	310.759056	5.070426	0.008160	0.009875	0.292606	0.084341	0.002356	0.023791	0.000196	0.220964	0.002614	0.028771	0.008099	0.075311	0.002578	0.001735	0.076987	0.076901	0.102750	0.002841	0.003674	0.001971	0.009673	0.028721	0.002166	0.024006	0.022700	0.001784	0.013026	0.000978	0.005457	0.009627	0.041074	0.021875	0.000962	0.015297	0.001676	0.006742	0.056329	0.012427	0.025126	0.026339	0.010449	0.009338	0.011281	0.033657	0.008127	0.001056	0.010038	0.006206	0.002115	0.004219	0.032624	0.027435	0.010375	0.003672	0.006294	0.011145	0.028769	0.054787	0.000668	0.005826	0.014797	0.009453	0.011432	0.016074	0.006244	0.003946	0.018258	0.001609	0.000504	0.012506	0.006633	0.033171	0.020843	0.005644	0.000109	0.001658	0.012269	0.009738	0.014289	0.017119	0.001077	0.000764	0.003061	0.000101	0.002043	0.014668	0.001989	0.002943	0.006298	0.000393	0.005882	0.007240	0.017344	0.003446	0.011215	0.001881	0.036666	0.020747	0.003526	0.029868	
2100	-4647.598833	310.234614	5.231472	0.008160	0.009875	0.281241	0.087708	0.005053	0.040029	0.001298	0.196736	0.002239	0.021623	0.007143	0.080441	0.001620	0.002645	0.089264	0.073005	0.109954	0.003005	0.003886	0.002085	0.010231	0.030377	0.002291	0.025391	0.024009	0.001886	0.013778	0.001034	0.005772	0.010183	0.043443	0.023137	0.001018	0.016179	0.001772	0.007131	0.036438	0.013144	0.026575	0.027858	0.011052	0.009876	0.019817	0.035598	0.008596	0.001117	0.010617	0.006564	0.002237	0.004462	0.034506	0.029017	0.010974	0.003884	0.006658	0.011787	0.015450	0.057948	0.000707	0.006163	0.015650	0.009999	0.012092	0.017001	0.006604	0.004174	0.004715	0.001702	0.000533	0.013228	0.007015	0.035085	0.022046	0.005969	0.000115	0.001753	0.012976	0.010300	0.015113	0.005253	0.001139	0.000808	0.003238	0.000106	0.002161	0.015515	0.002103	0.003113	0.006661	0.000416	0.006221	0.007658	0.018344	0.003645	0.011862	0.001989	0.038781	0.021944	0.003730	0.031591	
2200	-4531.278673	308.531142	5.205217	0.016250	0.019665	0.277657	0.086160	0.007684	0.044155	0.001370	0.214397	0.002351	0.017647	0.005313	0.079406	0.002078	0.002763	0.073938	0.075159	0.109921	0.002988	0.003865	0.002073	0.010174	0.030210	0.014441	0.025251	0.023877	0.001876	0.013702	0.001029	0.005740	0.010127	0.043204	0.023009	0.001012	0.016090	0.001763	0.007092	0.036237	0.013071	0.026428	0.027704	0.010991	0.009822	0.019708	0.035402	0.008548	0.005224	0.010558	0.006528	0.002225	0.004438	0.034315	0.028857	0.010913	0.003862	0.006621	0.003929	0.015365	0.057628	0.000703	0.006129	0.015564	0.009943	0.012025	0.016908	0.006567	0.004151	0.004689	0.001692	0.000530	0.013155	0.006977	0.034891	0.021924	0.005936	0.000114	0.001744	0.012905	0.010243	0.015030	0.005224	0.014772	0.000803	0.003220	0.000099	0.002149	0.015429	0.002092	0.003096	0.006624	0.000414	0.006187	0.007616	0.018243	0.003625	0.011796	0.001978	0.038567	0.005227	0.003709	0.031417	
2300	-4450.758094	310.473016	4.635017	0.016250	0.019665	0.309218	0.073406	0.005055	0.034325	0.001687	0.214547	0.001188	0.020520	0.007081	0.072563	0.000512	0.004765	0.072911	0.072785	0.109436	0.010388	0.003998	0.002145	0.010523	0.031246	0.014937	0.026117	0.024696	0.001940	0.014172	0.001064	0.005937	0.010474	0.044686	0.023798	0.001047	0.016642	0.001823	0.007335	0.015145	0.013520	0.027335	0.028655	0.011368	0.010159	0.020384	0.036616	0.008842	0.005403	0.010920	0.006752	0.002301	0.004590	0.035493	0.029847	0.011288	0.003995	0.006848	0.004064	0.015892	0.059605	0.000727	0.006339	0.003420	0.010285	0.012438	0.017488	0.006793	0.004293	0.004850	0.001750	0.000549	0.013606	0.007216	0.036088	0.022676	0.006140	0.000118	0.001804	0.013347	0.010594	0.015545	0.005403	0.015279	0.000831	0.003331	0.000102	0.002223	0.009360	0.002163	0.003202	0.006851	0.000428	0.006399	0.007877	0.018869	0.003749	0.012201	0.002046	0.039890	0.005406	0.003836	0.032495	
2400	-4383.719017	308.717729	4.635017	0.024191	0.029276	0.306616	0.071724	0.007633	0.023663	0.001956	0.194896	0.000504	0.015867	0.007164	0.099727	0.002045	0.004836	0.083824	0.067479	0.112066	0.010388	0.003997	0.002145	0.010523	0.031245	0.014936	0.026117	0.024695	0.001940	0.014171	0.001064	0.005936	0.010474	0.044685	0.023798	0.001047	0.016641	0.001823	0.007335	0.015144	0.013519	0.027334	0.028654	0.011367	0.010158	0.020383	0.036615	0.008841	0.005403	0.010920	0.006752	0.002301	0.004590	0.035492	0.029847	0.011287	0.003995	0.006848	0.004064	0.015892	0.059604	0.000727	0.006339	0.003420	0.010284	0.012437	0.017487	0.006792	0.004293	0.004849	0.001750	0.000549	0.013606	0.007216	0.036087	0.022676	0.006140	0.000118	0.001804	0.013347	0.010624	0.015545	0.005403	0.015279	0.000831	0.003330	0.000102	0.002223	0.009360	0.002163	0.003202	0.006851	0.000428	0.006399	0.007877	0.018869	0.003749	0.012201	0.002046	0.039889	0.005406	0.003836	0.032494	
2500	-4292.105663	302.200073	4.635017	0.053681	0.064963	0.321685	0.077212	0.007799	0.024523	0.001715	0.185332	0.000570	0.011908	0.003403	0.098718	0.001779	0.003334	0.088952	0.061901	0.111170	0.010426	0.004012	0.002152	0.007123	0.031360	0.014991	0.026212	0.024786	0.001947	0.014223	0.001068	0.005958	0.010512	0.044848	0.023885	0.001051	0.016702	0.001830	0.007362	0.015200	0.013569	0.027434	0.028759	0.011409	0.010196	0.020458	0.036749	0.008874	0.005287	0.010960	0.006776	0.002310	0.004607	0.035622	0.029956	0.011329	0.004009	0.010332	0.004079	0.015950	0.059822	0.000729	0.006362	0.003432	0.010322	0.012483	0.017551	0.006817	0.004309	0.004867	0.001757	0.000551	0.013655	0.004166	0.036219	0.022759	0.006162	0.000119	0.001810	0.013396	0.010663	0.015602	0.005423	0.015335	0.000834	0.003343	0.000103	0.002231	0.009394	0.002171	0.003213	0.006876	0.000430	0.006422	0.007906	0.018938	0.003763	0.012245	0.001583	0.040035	0.005426	0.003850	0.032613	
2600	-4284.499261	302.200073	4.635017	0.053681	0.064963	0.332871	0.082807	0.006108	0.021662	0.002942	0.174326	0.000904	0.012897	0.002920	0.089030	0.001464	0.003326	0.101280	0.061432	0.106030	0.010504	0.004042	0.002169	0.007177	0.031595	0.015103	0.026409	0.024972	0.001962	0.015836	0.001076	0.006003	0.010591	0.045185	0.020115	0.001059	0.016827	0.001844	0.007417	0.015313	0.013671	0.027640	0.028975	0.011495	0.010272	0.020612	0.037025	0.008940	0.005326	0.011042	0.001154	0.002327	0.004641	0.035889	0.030180	0.012033	0.004039	0.010409	0.004109	0.016069	0.060270	0.000735	0.006410	0.003458	0.010399	0.012576	0.017683	0.006868	0.004341	0.004904	0.001770	0.000555	0.013758	0.004197	0.036491	0.022929	0.006208	0.000120	0.001824	0.013496	0.010743	0.015719	0.005463	0.015450	0.000840	0.003368	0.000103	0.002248	0.009465	0.002188	0.003237	0.006928	0.000433	0.006470	0.007965	0.019080	0.003791	0.012337	0.001595	0.040336	0.005467	0.003879	0.032857	
2700	-4250.976984	295.955301	3.832374	0.096245	0.116475	0.342707	0.082466	0.005398	0.028365	0.002194	0.190986	0.001463	0.016957	0.007879	0.089071	0.001890	0.001193	0.088303	0.057339	0.083789	0.010381	0.003995	0.010063	0.007092	0.031223	0.014926	0.026098	0.024678	0.001939	0.015650	0.001063	0.005932	0.010466	0.044654	0.019878	0.001046	0.016630	0.001822	0.007330	0.015134	0.013510	0.027315	0.028634	0.011359	0.010151	0.020369	0.036590	0.008835	0.005264	0.010912	0.001140	0.002300	0.004587	0.035467	0.029826	0.011892	0.003992	0.010287	0.004061	0.015880	0.059562	0.000726	0.006334	0.009391	0.010277	0.012429	0.017475	0.005297	0.004290	0.004846	0.001749	0.000548	0.013596	0.004147	0.036062	0.022660	0.006135	0.000118	0.001802	0.013338	0.010617	0.015534	0.005399	0.015268	0.000830	0.003328	0.000102	0.002221	0.009354	0.002162	0.003199	0.006846	0.000428	0.006394	0.007871	0.018855	0.003747	0.012192	0.001576	0.039212	0.005402	0.003834	0.032471	
2800	-4253.359811	293.512025	4.439311	0.096245	0.116475	0.358796	0.069296	0.005983	0.028793	0.003395	0.193106	0.000208	0.025141	0.005161	0.080402	0.005587	0.002961	0.078212	0.055233	0.087726	0.010666	0.004104	0.010339	0.007287	0.016157	0.015336	0.026816	0.025357	0.001992	0.016080	0.001092	0.006095	0.010754	0.045881	0.020425	0.001075	0.017087	0.001872	0.007531	0.015550	0.013881	0.028066	0.029422	0.011672	0.010430	0.020929	0.037596	0.009078	0.005408	0.011212	0.001172	0.002363	0.004713	0.036442	0.030646	0.012219	0.004102	0.010569	0.004173	0.016317	0.061199	0.000746	0.006508	0.009649	0.010560	0.012770	0.017955	0.005443	0.004408	0.004979	0.001797	0.000563	0.013970	0.004261	0.037053	0.011714	0.006304	0.000121	0.001852	0.013704	0.010909	0.015961	0.005548	0.015688	0.000853	0.003420	0.000105	0.002282	0.009611	0.002221	0.003287	0.007035	0.000439	0.006570	0.008088	0.019374	0.003850	0.012527	0.001620	0.040290	0.005551	0.003939	0.033364	
2900	-4250.455418	293.693461	4.391233	0.096245	0.116475	0.357438	0.070027	0.010333	0.027226	0.003365	0.200218	0.000463	0.025069	0.004458	0.084107	0.005449	0.001711	0.067364	0.060466	0.082305	0.010632	0.004091	0.010306	0.007264	0.016105	0.015287	0.026730	0.025275	0.001986	0.016028	0.001089	0.006076	0.010720	0.045733	0.020359	0.001072	0.017032	0.001866	0.007507	0.015499	0.022022	0.027976	0.029327	0.011634	0.010397	0.020862	0.037474	0.009049	0.005391	0.011176	0.001168	0.002355	0.004698	0.036325	0.030547	0.012179	0.004088	0.010535	0.004159	0.016264	0.055525	0.000744	0.006487	0.009618	0.011042	0.012729	0.017898	0.005425	0.004394	0.004963	0.001791	0.000562	0.013925	0.004248	0.036934	0.011676	0.006284	0.000121	0.001846	0.013660	0.010874	0.015910	0.005530	0.015637	0.000850	0.003409	0.000105	0.002275	0.009580	0.002214	0.003277	0.007012	0.000438	0.006549	0.008062	0.019311	0.003837	0.012487	0.001614	0.040160	0.005533	0.003926	0.033256	
3000	-4221.440000	293.693461	4.391233	0.096245	0.116475	0.341987	0.047501	0.007621	0.025657	0.002060	0.228285	0.005239	0.018801	0.005389	0.079967	0.013893	0.005708	0.070283	0.063820	0.083787	0.010583	0.004072	0.010258	0.007230	0.016031	0.015216	0.026606	0.025158	0.001977	0.015954	0.001084	0.006048	0.010670	0.045522	0.020265	0.001067	0.016953	0.001857	0.007472	0.015428	0.042316	0.027846	0.029191	0.011580	0.010349	0.020765	0.027789	0.009007	0.005366	0.011124	0.001162	0.002344	0.004676	0.036157	0.030406	0.012123	0.004070	0.010487	0.004140	0.016189	0.055269	0.000740	0.006457	0.009574	0.010991	0.012670	0.017815	0.005400	0.004374	0.004940	0.006854	0.000559	0.013860	0.004228	0.036763	0.011622	0.006255	0.000121	0.001837	0.013597	0.010823	0.012355	0.005504	0.013945	0.000847	0.003393	0.000104	0.001473	0.004099	0.002204	0.003262	0.006979	0.000436	0.006519	0.008024	0.019222	0.003819	0.012429	0.001607	0.039974	0.005507	0.003908	0.033102	
3100	-4208.295723	288.139411	3.900704	0.121559	0.166391	0.334869	0.045068	0.007697	0.015289	0.000905	0.209570	0.007983	0.017301	0.004698	0.092649	0.010863	0.005125	0.084145	0.078107	0.085729	0.010880	0.004187	0.010546	0.007433	0.016481	0.015643	0.027353	0.025864	0.002032	0.016402	0.001114	0.006217	0.010970	0.046800	0.020834	0.001097	0.017429	0.001909	0.007682	0.015861	0.043504	0.028628	0.030011	0.011905	0.010639	0.021348	0.028569	0.009260	0.005517	0.011437	0.001195	0.002410	0.004807	0.015152	0.031259	0.012464	0.004184	0.010781	0.004256	0.016644	0.056820	0.000761	0.006639	0.009842	0.011300	0.013026	0.018315	0.005552	0.004431	0.005079	0.007046	0.000575	0.014250	0.004347	0.037795	0.011948	0.006430	0.000124	0.000811	0.013979	0.011127	0.012702	0.005659	0.014336	0.000870	0.003488	0.000107	0.001515	0.004214	0.002266	0.003353	0.007175	0.000448	0.006702	0.008250	0.014845	0.003927	0.012778	0.001652	0.041097	0.005662	0.004018	0.034032	
3200	-4195.770766	288.139411	3.900704	0.126011	0.161938	0.337704	0.047393	0.008526	0.011591	0.000657	0.213058	0.006949	0.016353	0.006657	0.087833	0.010324	0.004325	0.085740	0.079862	0.083028	0.011143	0.004288	0.010802	0.007614	0.016880	0.016023	0.028016	0.026492	0.002081	0.016800	0.001141	0.006368	0.011236	0.047935	0.021339	0.001123	0.017852	0.001956	0.007868	0.016246	0.044559	0.029322	0.007053	0.012194	0.010897	0.021866	0.029262	0.009485	0.005650	0.011714	0.001224	0.002469	0.004924	0.015520	0.032017	0.012766	0.004285	0.011043	0.004359	0.017047	0.058198	0.000780	0.006800	0.006353	0.011574	0.013342	0.018759	0.005686	0.004538	0.005202	0.007217	0.001266	0.014595	0.004452	0.038712	0.012238	0.006586	0.000127	0.000831	0.014318	0.011397	0.013010	0.008628	0.014684	0.000891	0.003573	0.000110	0.001551	0.004316	0.002321	0.003435	0.007349	0.000459	0.006864	0.008450	0.015205	0.004022	0.013088	0.001692	0.042094	0.005799	0.003770	0.034857	
3300	-4185.243709	288.139411	3.900704	0.126011	0.161938	0.356306	0.050852	0.010541	0.003696	0.002856	0.211861	0.002959	0.021359	0.005696	0.084257	0.006454	0.003692	0.085035	0.074147	0.080289	0.011170	0.004298	0.011264	0.007632	0.016920	0.016061	0.028083	0.026554	0.002086	0.016840	0.001144	0.002291	0.011262	0.048049	0.021390	0.001126	0.017894	0.001960	0.007887	0.016284	0.044665	0.029392	0.007070	0.012223	0.010923	0.021918	0.029331	0.009507	0.005664	0.011742	0.001227	0.002474	0.004935	0.015557	0.032094	0.012796	0.004295	0.012348	0.004370	0.017088	0.058337	0.000781	0.006816	0.006368	0.011601	0.013374	0.018804	0.005700	0.004549	0.005214	0.007234	0.001269	0.014630	0.004463	0.038804	0.012267	0.006602	0.000127	0.000833	0.014352	0.011424	0.013041	0.008649	0.014719	0.000894	0.003581	0.000110	0.001555	0.004327	0.002326	0.003443	0.007367	0.000460	0.006881	0.008470	0.015241	0.004031	0.013119	0.001696	0.042194	0.005813	0.003778	0.034940	
3400	-4180.514913	289.019883	3.698843	0.126011	0.161938	0.350586	0.064452	0.010151	0.002203	0.002924	0.210394	0.002840	0.028826	0.007530	0.074045	0.006482	0.004295	0.077613	0.075465	0.082193	0.011186	0.004305	0.011280	0.007643	0.016945	0.016084	0.049429	0.026593	0.002089	0.016865	0.001146	0.002294	0.011279	0.048119	0.021421	0.001128	0.018877	0.001963	0.007899	0.016308	0.044731	0.029435	0.007080	0.012241	0.010939	0.021950	0.029374	0.009521	0.005672	0.011759	0.001229	0.002478	0.004943	0.015579	0.009562	0.012815	0.003409	0.012366	0.004376	0.017113	0.058422	0.000783	0.006826	0.011344	0.011618	0.013393	0.018831	0.005708	0.004556	0.005222	0.007245	0.001271	0.014651	0.006936	0.038861	0.012285	0.006612	0.000127	0.000834	0.014373	0.011441	0.013061	0.008661	0.014740	0.000895	0.003586	0.000110	0.001557	0.004333	0.002330	0.003448	0.001860	0.000461	0.006891	0.008482	0.015264	0.004037	0.013138	0.001699	0.040083	0.005822	0.003784	0.034991	
3500	-4176.191955	287.480234	4.058746	0.126011	0.161938	0.331581	0.062439	0.017710	0.003726	0.001528	0.226299	0.002045	0.027977	0.006000	0.063521	0.007806	0.005211	0.067413	0.074525	0.102220	0.011375	0.004377	0.011470	0.015405	0.017230	0.016355	0.050260	0.027041	0.002125	0.017148	0.001165	0.002333	0.011469	0.048929	0.021782	0.001146	0.019194	0.001996	0.008032	0.016582	0.045483	0.029931	0.007199	0.012447	0.011123	0.022320	0.016886	0.009681	0.001505	0.011957	0.001249	0.002520	0.005026	0.015841	0.009723	0.013030	0.003466	0.012574	0.004450	0.010189	0.059405	0.000796	0.006941	0.011534	0.011814	0.013619	0.019148	0.005804	0.004632	0.005310	0.007367	0.001292	0.014898	0.007052	0.039515	0.012492	0.006723	0.000130	0.000848	0.014615	0.011633	0.013280	0.008807	0.014988	0.000910	0.003647	0.000112	0.001584	0.004406	0.002369	0.003506	0.001892	0.000469	0.007007	0.008625	0.015520	0.004105	0.013359	0.001727	0.040757	0.005920	0.003848	0.035580	
3600	-4168.347671	288.278871	3.868037	0.126011	0.161938	0.334945	0.059334	0.018734	0.003628	0.001993	0.230199	0.001294	0.031515	0.007049	0.068077	0.010198	0.005425	0.064966	0.073636	0.089005	0.011605	0.004466	0.011703	0.015717	0.017579	0.016686	0.051278	0.027588	0.002168	0.017496	0.001189	0.002380	0.011701	0.049920	0.022223	0.001170	0.019583	0.002037	0.008194	0.016918	0.046404	0.030537	0.007345	0.012699	0.011349	0.022771	0.017228	0.009877	0.001535	0.012199	0.001275	0.002571	0.005128	0.016162	0.009920	0.013294	0.003537	0.012829	0.004540	0.010395	0.060608	0.000812	0.007081	0.011768	0.012053	0.013894	0.019536	0.005922	0.004726	0.005418	0.007516	0.001318	0.015199	0.007195	0.040315	0.012745	0.006859	0.000132	0.000865	0.014911	0.011869	0.013549	0.008985	0.015292	0.000928	0.003721	0.000114	0.001616	0.004495	0.002417	0.003577	0.001930	0.000478	0.007148	0.002737	0.015835	0.004188	0.013630	0.001762	0.027395	0.006040	0.003926	0.036300	
3700	-4151.378394	289.185095	3.662107	0.125236	0.162713	0.337112	0.059126	0.017284	0.002931	0.001783	0.227212	0.000425	0.030650	0.006556	0.076324	0.007489	0.005738	0.066856	0.071123	0.089390	0.011541	0.004441	0.011638	0.015631	0.017482	0.016594	0.050995	0.027436	0.002156	0.017399	0.001182	0.002367	0.011636	0.049645	0.022100	0.001163	0.019475	0.002025	0.008149	0.016825	0.046149	0.030368	0.007304	0.012629	0.011286	0.022646	0.017133	0.009823	0.001527	0.012132	0.001268	0.002557	0.005099	0.016073	0.009865	0.013221	0.003517	0.012758	0.004515	0.010338	0.052231	0.000807	0.007042	0.011703	0.011986	0.013818	0.019428	0.005889	0.004700	0.005388	0.007475	0.001495	0.032066	0.007155	0.040093	0.012674	0.006821	0.000131	0.000860	0.014828	0.011804	0.009911	0.008936	0.015208	0.000923	0.003700	0.000099	0.001607	0.004470	0.002404	0.003557	0.001919	0.000475	0.007109	0.002722	0.015747	0.004165	0.013555	0.001752	0.027244	0.006006	0.003904	0.036100	
3800	-4165.328615	288.184093	3.890209	0.125236	0.162713	0.335635	0.050348	0.014931	0.001521	0.002954	0.221187	0.000719	0.020932	0.004876	0.087643	0.006921	0.006897	0.074443	0.069822	0.101172	0.011599	0.004463	0.011696	0.015709	0.017570	0.016677	0.051251	0.027574	0.002166	0.017486	0.001188	0.002379	0.011695	0.049893	0.022211	0.001169	0.019572	0.002036	0.008190	0.016909	0.046380	0.030520	0.007341	0.012692	0.011343	0.022759	0.017218	0.009872	0.001534	0.012193	0.001274	0.002569	0.005125	0.016154	0.009914	0.013287	0.003535	0.012822	0.004537	0.010390	0.052492	0.000811	0.007077	0.011762	0.012046	0.013887	0.019526	0.005919	0.004724	0.005415	0.007512	0.001502	0.032226	0.007191	0.040293	0.012738	0.006855	0.000132	0.000865	0.014903	0.011863	0.009960	0.008981	0.015284	0.000928	0.003719	0.000099	0.001615	0.004493	0.002416	0.003575	0.001929	0.000478	0.002139	0.002736	0.015826	0.004186	0.013623	0.001761	0.027380	0.006036	0.003924	0.036281	
3900	-4162.940393	288.906264	3.724313	0.125236	0.162713	0.335635	0.050348	0.014931	0.001521	0.002954	0.221187	0.000719	0.020932	0.004876	0.087643	0.006921	0.006897	0.074443	0.069822	0.101172	0.011484	0.004419	0.011581	0.013337	0.017397	0.016513	0.050746	0.027302	0.002145	0.017314	0.001176	0.002356	0.011579	0.049401	0.021992	0.001158	0.019380	0.002016	0.010782	0.016743	0.045922	0.030220	0.007269	0.012567	0.011231	0.022535	0.017049	0.009775	0.001519	0.012073	0.001261	0.002544	0.005074	0.015994	0.009817	0.013156	0.003500	0.012696	0.004493	0.010287	0.051975	0.000803	0.007008	0.011646	0.011928	0.013750	0.019333	0.005860	0.004677	0.005361	0.007438	0.001488	0.031909	0.007120	0.039896	0.012612	0.010212	0.000131	0.000856	0.014756	0.011746	0.005868	0.008892	0.015133	0.000919	0.003682	0.000098	0.001599	0.004449	0.002392	0.003540	0.001910	0.000473	0.002117	0.002709	0.015670	0.004145	0.013488	0.001744	0.027110	0.015947	0.003885	0.035924	
4000	-4160.085876	289.075344	3.686471	0.125236	0.162713	0.329981	0.048890	0.018108	0.004701	0.001934	0.230959	0.000756	0.031805	0.005851	0.076494	0.003403	0.004416	0.056676	0.082961	0.103065	0.011191	0.004307	0.011285	0.012996	0.016953	0.016091	0.049450	0.026605	0.002090	0.016872	0.001146	0.002295	0.011284	0.048140	0.021430	0.001128	0.018885	0.001964	0.010507	0.016315	0.044750	0.029448	0.007083	0.012246	0.010944	0.021960	0.016613	0.009525	0.004408	0.011764	0.001229	0.002479	0.001942	0.015586	0.009566	0.024826	0.003411	0.012371	0.004378	0.010025	0.050648	0.000783	0.006829	0.011349	0.010501	0.013399	0.018839	0.005711	0.004558	0.005224	0.007248	0.001450	0.043702	0.006939	0.038878	0.012290	0.009951	0.000127	0.000834	0.014379	0.011446	0.005718	0.008665	0.014747	0.000895	0.003588	0.000096	0.001558	0.004335	0.002331	0.005566	0.001861	0.000461	0.002063	0.002640	0.015270	0.004039	0.013144	0.001699	0.026418	0.015540	0.003786	0.035006	
4100	-4148.053178	289.075344	3.686471	0.125236	0.162713	0.330173	0.049704	0.017509	0.007719	0.001654	0.220001	0.000105	0.029170	0.006206	0.086576	0.003000	0.003421	0.063129	0.086107	0.095525	0.011205	0.004312	0.004502	0.013012	0.016973	0.016111	0.049510	0.026637	0.002093	0.016893	0.001148	0.002298	0.011297	0.048199	0.021457	0.001129	0.018908	0.001966	0.010519	0.016335	0.044805	0.029484	0.007092	0.012261	0.010957	0.021986	0.016634	0.009537	0.004413	0.011779	0.001231	0.002482	0.001945	0.015605	0.009578	0.024856	0.006266	0.012387	0.004383	0.010037	0.050709	0.000784	0.006837	0.011362	0.010514	0.013415	0.018862	0.005718	0.004563	0.005231	0.007257	0.006637	0.043755	0.006947	0.038925	0.012305	0.009963	0.000128	0.000835	0.014397	0.011460	0.005725	0.008676	0.014765	0.000896	0.003592	0.000096	0.001560	0.004340	0.002334	0.005573	0.001863	0.000462	0.002066	0.002643	0.015289	0.004044	0.010699	0.001701	0.026450	0.015559	0.003790	0.035049	
4200	-4163.112918	290.798083	3.740472	0.116697	0.151618	0.330173	0.049704	0.017509	0.007719	0.001654	0.220001	0.000105	0.029170	0.006206	0.086576	0.003000	0.003421	0.063129	0.086107	0.095525	0.011498	0.004425	0.004620	0.013353	0.017418	0.016533	0.050807	0.027335	0.002148	0.017335	0.001178	0.002358	0.011593	0.049461	0.022019	0.001159	0.019403	0.002018	0.010795	0.016763	0.045978	0.030256	0.007278	0.012582	0.011244	0.006901	0.017069	0.009787	0.004529	0.012087	0.001263	0.002547	0.001996	0.016014	0.009828	0.025507	0.006430	0.012711	0.004498	0.010300	0.052038	0.000804	0.007016	0.011660	0.010789	0.013767	0.019356	0.005867	0.005060	0.005368	0.007447	0.006811	0.044901	0.007129	0.039945	0.012628	0.010224	0.000131	0.000857	0.014774	0.011760	0.005875	0.008903	0.015151	0.000920	0.003686	0.000098	0.001601	0.004454	0.002395	0.005719	0.001912	0.000474	0.002120	0.002712	0.004783	0.004150	0.010979	0.001746	0.027143	0.015967	0.003890	0.035967	
4300	-4149.896168	289.609714	4.018383	0.116697	0.151618	0.358789	0.033888	0.015289	0.004211	0.000456	0.226738	0.000375	0.028554	0.004713	0.086718	0.004065	0.003113	0.054566	0.084912	0.093614	0.011546	0.004443	0.004639	0.013408	0.017490	0.016602	0.051018	0.027448	0.002157	0.017407	0.001183	0.002368	0.011641	0.049666	0.022110	0.001164	0.019484	0.002026	0.010840	0.016832	0.046169	0.030382	0.007308	0.012635	0.011291	0.006930	0.017140	0.009827	0.004547	0.008949	0.001268	0.002558	0.002004	0.016080	0.009869	0.025613	0.006457	0.012764	0.004517	0.010342	0.052253	0.000808	0.007045	0.011708	0.010834	0.013824	0.019437	0.005892	0.005081	0.005390	0.007478	0.006839	0.045088	0.007159	0.040110	0.012680	0.010267	0.000132	0.000861	0.014835	0.011809	0.005899	0.008940	0.015214	0.000924	0.003702	0.000099	0.001608	0.004472	0.002405	0.004782	0.001920	0.000476	0.002129	0.002723	0.004803	0.004167	0.011025	0.001753	0.027256	0.016033	0.003906	0.036116	
4400	-4140.828890	288.699404	4.244622	0.116697	0.151618	0.380487	0.042060	0.010487	0.005452	0.000487	0.221685	0.001989	0.024166	0.004991	0.084191	0.002673	0.000400	0.062253	0.070308	0.088371	0.018365	0.004409	0.004603	0.013305	0.017356	0.016474	0.050626	0.027237	0.002140	0.017273	0.001173	0.002350	0.011552	0.049285	0.021940	0.001155	0.019334	0.002011	0.010756	0.016703	0.045814	0.030148	0.007252	0.012537	0.011204	0.006877	0.017008	0.009752	0.004513	0.008880	0.001258	0.002538	0.001989	0.015957	0.009793	0.025416	0.006407	0.012666	0.004482	0.010263	0.051852	0.000802	0.006991	0.011618	0.010751	0.013718	0.019287	0.005847	0.005042	0.005349	0.007421	0.006787	0.044741	0.007103	0.039802	0.012582	0.010188	0.000130	0.000854	0.014721	0.011718	0.005854	0.008871	0.015097	0.000917	0.003673	0.000098	0.001595	0.004438	0.002386	0.004745	0.001905	0.000472	0.002112	0.002702	0.004766	0.004135	0.010940	0.001740	0.027046	0.015910	0.004656	0.035839	
4500	-4143.987586	288.807569	4.217112	0.116697	0.151618	0.380487	0.042060	0.010487	0.005452	0.000487	0.221685	0.001989	0.024166	0.004991	0.084191	0.002673	0.000400	0.062253	0.070308	0.088371	0.018479	0.004436	0.004632	0.013388	0.017463	0.016576	0.050940	0.021199	0.002153	0.017380	0.001181	0.002365	0.011624	0.049590	0.022076	0.001162	0.019454	0.002023	0.010823	0.016807	0.046098	0.030335	0.007297	0.012615	0.011274	0.006919	0.017114	0.009812	0.004541	0.008935	0.001266	0.002554	0.002001	0.016056	0.009854	0.025574	0.006447	0.012744	0.004510	0.010327	0.052173	0.000807	0.007034	0.011690	0.010817	0.013803	0.019407	0.005883	0.005073	0.005382	0.007467	0.006829	0.045019	0.007148	0.040049	0.012661	0.010251	0.000131	0.000860	0.014812	0.011791	0.005890	0.008926	0.015191	0.000922	0.003696	0.000100	0.001605	0.004466	0.002401	0.004775	0.001917	0.000475	0.002126	0.002719	0.004795	0.004161	0.011008	0.001750	0.027214	0.016008	0.004685	0.036061	
4600	-4137.171655	281.948250	4.042013	0.149595	0.194360	0.354961	0.040847	0.012308	0.009732	0.000489	0.235808	0.001616	0.020596	0.003347	0.087822	0.001453	0.000830	0.067692	0.066064	0.096435	0.018865	0.004529	0.004729	0.013667	0.017828	0.016922	0.052002	0.021641	0.002198	0.017743	0.001205	0.002414	0.011866	0.039630	0.022537	0.001186	0.019860	0.002065	0.011049	0.017157	0.047060	0.030968	0.007449	0.012878	0.011509	0.007064	0.017471	0.010017	0.004635	0.009121	0.001293	0.002607	0.002043	0.016391	0.010060	0.026108	0.006581	0.013010	0.004604	0.010542	0.053262	0.000823	0.007181	0.004261	0.011043	0.014091	0.019812	0.006006	0.005179	0.005494	0.007622	0.006971	0.045958	0.005103	0.040884	0.012925	0.010465	0.000134	0.000877	0.015121	0.012037	0.006013	0.009112	0.015508	0.000941	0.003773	0.000102	0.001639	0.004559	0.002451	0.004874	0.001957	0.000485	0.002170	0.002776	0.004895	0.004248	0.011237	0.001787	0.027782	0.016342	0.004783	0.036813	
4700	-4139.190281	283.187706	3.750937	0.149595	0.194360	0.347323	0.053379	0.014495	0.012410	0.002398	0.230661	0.000967	0.023698	0.004543	0.089977	0.001301	0.001330	0.058683	0.078239	0.080595	0.018921	0.004542	0.004743	0.013708	0.018493	0.016972	0.052157	0.021706	0.002205	0.017796	0.001209	0.002421	0.011901	0.039748	0.022604	0.001190	0.019919	0.002072	0.011082	0.017208	0.047200	0.031060	0.007471	0.012917	0.011543	0.007085	0.017523	0.010047	0.004649	0.005556	0.001296	0.002615	0.002049	0.016439	0.010090	0.026185	0.006601	0.013049	0.004618	0.010573	0.053421	0.000826	0.007203	0.004274	0.011076	0.014133	0.019871	0.006023	0.005195	0.005510	0.007645	0.006992	0.046095	0.005118	0.041006	0.012963	0.010496	0.000134	0.000880	0.015166	0.012073	0.006031	0.009140	0.015554	0.000944	0.003784	0.000102	0.001643	0.004572	0.002458	0.004889	0.001963	0.000486	0.002176	0.002784	0.004910	0.004260	0.011271	0.001792	0.027864	0.016391	0.004797	0.036923	
4800	-4145.518439	283.187706	3.750937	0.149595	0.194360	0.365849	0.042692	0.021500	0.007612	0.002333	0.214130	0.002020	0.022461	0.004358	0.086912	0.000428	0.001692	0.069225	0.075684	0.083104	0.018865	0.004529	0.004729	0.013667	0.018439	0.016922	0.052003	0.021641	0.002198	0.021527	0.001205	0.002414	0.011866	0.039630	0.016845	0.001186	0.019860	0.002065	0.011049	0.017157	0.047060	0.030968	0.007449	0.012878	0.011509	0.007064	0.017471	0.010017	0.004635	0.005540	0.001293	0.002607	0.002043	0.016391	0.010060	0.026108	0.006581	0.013010	0.004604	0.010542	0.053262	0.000823	0.007181	0.004261	0.011043	0.014091	0.019812	0.006006	0.005179	0.005494	0.007622	0.009747	0.045958	0.005103	0.040884	0.012925	0.012566	0.000134	0.000877	0.015121	0.012037	0.006013	0.009112	0.015508	0.000941	0.003773	0.000102	0.001639	0.004559	0.002451	0.004874	0.001957	0.000485	0.002170	0.002776	0.004895	0.004248	0.011237	0.001787	0.027782	0.016342	0.004783	0.036813	
4900	-4141.400975	283.803029	3.614058	0.150880	0.193076	0.365849	0.042692	0.021500	0.007612	0.002333	0.214130	0.002020	0.022461	0.004358	0.086912	0.000428	0.001692	0.069225	0.075684	0.083104	0.019074	0.004579	0.004781	0.013818	0.018302	0.017110	0.052579	0.021881	0.002223	0.021766	0.001219	0.002441	0.011998	0.040069	0.017032	0.001199	0.020080	0.002088	0.011171	0.017348	0.047582	0.031311	0.007531	0.013021	0.011637	0.007142	0.017665	0.010128	0.004687	0.005601	0.001307	0.002636	0.001530	0.016572	0.010171	0.026397	0.006654	0.013154	0.004655	0.010659	0.053852	0.000833	0.007261	0.004308	0.011166	0.014247	0.020032	0.006072	0.005237	0.005555	0.007707	0.009855	0.046467	0.003069	0.041338	0.013068	0.012705	0.000136	0.000887	0.015289	0.012170	0.006080	0.009213	0.015680	0.000952	0.003815	0.000103	0.001657	0.004609	0.002478	0.004929	0.001979	0.000490	0.002194	0.002807	0.004950	0.004295	0.003243	0.001807	0.028090	0.016523	0.004836	0.037221	
5000	-4137.881479	283.645632	3.648604	0.150880	0.193076	0.358383	0.038706	0.018197	0.007847	0.000445	0.219686	0.000665	0.020400	0.003537	0.098377	0.001512	0.002856	0.077730	0.073656	0.078005	0.019137	0.004594	0.004797	0.013864	0.018363	0.017166	0.052752	0.021953	0.002230	0.021837	0.001223	0.003295	0.012037	0.040201	0.017088	0.001203	0.020146	0.002095	0.011208	0.017813	0.047738	0.031414	0.007556	0.013064	0.011675	0.007165	0.017723	0.010161	0.004702	0.005619	0.001311	0.002645	0.001535	0.016627	0.010205	0.026484	0.006676	0.013198	0.004670	0.010694	0.054029	0.000835	0.007285	0.004322	0.011202	0.014294	0.020097	0.006092	0.005254	0.005573	0.007732	0.009887	0.046620	0.003079	0.041473	0.013111	0.012747	0.000136	0.000890	0.015339	0.012210	0.001561	0.009244	0.015731	0.000955	0.003828	0.000104	0.001662	0.004624	0.002486	0.004945	0.001985	0.000492	0.002201	0.002816	0.004966	0.004309	0.003253	0.001813	0.028182	0.016578	0.004851	0.037344	
5100	-4117.426670	283.511160	3.678371	0.150880	0.193076	0.358383	0.038706	0.018197	0.007847	0.000445	0.219686	0.000665	0.020400	0.003537	0.098377	0.001512	0.002856	0.077730	0.073656	0.078005	0.019066	0.004577	0.004779	0.013813	0.018295	0.017103	0.052558	0.031511	0.002222	0.021757	0.001218	0.003283	0.011993	0.040053	0.017025	0.001199	0.020072	0.002088	0.011167	0.017747	0.047562	0.031299	0.007528	0.013016	0.011632	0.007139	0.017657	0.010124	0.004685	0.005599	0.001306	0.002635	0.001529	0.016566	0.010167	0.026386	0.006651	0.013149	0.004653	0.010655	0.053830	0.000832	0.007258	0.004306	0.011161	0.014241	0.020023	0.006070	0.005234	0.005553	0.007704	0.009851	0.032433	0.003068	0.041321	0.013063	0.012700	0.000135	0.000887	0.015283	0.012165	0.001556	0.009210	0.015673	0.009007	0.003813	0.000103	0.001656	0.004607	0.002477	0.004927	0.001978	0.000490	0.002193	0.002805	0.004948	0.004293	0.003241	0.001806	0.028078	0.016517	0.004834	0.037206	
5200	-4115.671684	283.511160	3.678371	0.152814	0.191141	0.358383	0.038706	0.018197	0.007847	0.000445	0.219686	0.000665	0.020400	0.003537	0.098377	0.001512	0.002856	0.077730	0.073656	0.078005	0.019276	0.004628	0.004832	0.013965	0.018497	0.017291	0.053137	0.031858	0.002246	0.021997	0.001232	0.003319	0.007739	0.040495	0.017213	0.001212	0.020293	0.002111	0.011290	0.017943	0.048087	0.031644	0.007611	0.013160	0.011760	0.007218	0.017852	0.010235	0.004736	0.005661	0.001321	0.002664	0.001546	0.021074	0.010279	0.026677	0.006725	0.013294	0.004704	0.010772	0.054424	0.000841	0.006436	0.004354	0.003952	0.014398	0.029253	0.006137	0.005292	0.005614	0.007789	0.009960	0.032791	0.003102	0.041777	0.013207	0.012840	0.000137	0.000897	0.015451	0.012299	0.001573	0.009311	0.004101	0.009107	0.003856	0.000104	0.001674	0.004658	0.002505	0.004981	0.002000	0.000495	0.002217	0.002836	0.005002	0.004340	0.003277	0.001826	0.028388	0.016699	0.004887	0.037617	
5300	-4092.733200	286.256886	3.678371	0.140616	0.175882	0.333576	0.040543	0.017887	0.012680	0.000678	0.223040	0.001688	0.028983	0.002695	0.109898	0.001241	0.001690	0.066591	0.083414	0.075395	0.062236	0.004415	0.004610	0.013324	0.017647	0.016497	0.050697	0.030395	0.002143	0.020986	0.001175	0.003167	0.007384	0.038634	0.016422	0.001156	0.019361	0.002014	0.010771	0.017119	0.045878	0.030190	0.007262	0.012555	0.011220	0.006886	0.017032	0.009765	0.004519	0.010389	0.001260	0.002542	0.001475	0.020106	0.009807	0.025452	0.006416	0.012683	0.004488	0.010277	0.038215	0.000803	0.006140	0.004154	0.003770	0.013737	0.027909	0.005855	0.009651	0.005356	0.007431	0.009502	0.031285	0.002959	0.039858	0.012600	0.012250	0.000131	0.000855	0.014742	0.011734	0.001501	0.008884	0.003913	0.008688	0.003678	0.000095	0.001597	0.004444	0.002389	0.010966	0.001908	0.000473	0.002115	0.002706	0.004772	0.004141	0.003127	0.001742	0.027084	0.015932	0.004662	0.035889	
5400	-4099.693545	283.089548	4.451241	0.140616	0.175882	0.344676	0.035709	0.017265	0.008062	0.000552	0.230109	0.003252	0.028251	0.003980	0.100333	0.000389	0.001810	0.054058	0.087067	0.084486	0.062124	0.004407	0.004602	0.013300	0.017615	0.016467	0.050605	0.030340	0.002139	0.020949	0.001173	0.003161	0.007370	0.038565	0.016393	0.001154	0.019326	0.002010	0.010752	0.017088	0.045796	0.030136	0.007249	0.012533	0.011200	0.006874	0.017002	0.009748	0.004511	0.010370	0.000100	0.002537	0.001472	0.020070	0.009789	0.025406	0.006404	0.012661	0.004480	0.010259	0.038146	0.000801	0.006129	0.004146	0.003763	0.013712	0.027859	0.005844	0.008182	0.005346	0.007418	0.009485	0.031228	0.002954	0.039786	0.012577	0.012228	0.000130	0.000854	0.014715	0.011713	0.001498	0.008868	0.008311	0.008673	0.003672	0.000094	0.001595	0.004436	0.002385	0.010946	0.001905	0.000472	0.002112	0.002701	0.004764	0.004133	0.003121	0.001739	0.027035	0.015903	0.004654	0.035824	
5500	-4092.047251	283.089548	4.451241	0.140616	0.175882	0.348884	0.034488	0.015947	0.009889	0.001046	0.233011	0.002499	0.028972	0.003869	0.093087	0.002137	0.001358	0.053579	0.076959	0.094278	0.063102	0.004477	0.004674	0.013509	0.017893	0.016727	0.049397	0.030818	0.002173	0.021278	0.001191	0.003211	0.007486	0.039172	0.016651	0.001173	0.010207	0.002042	0.010921	0.017357	0.046516	0.030610	0.007363	0.012730	0.011376	0.006982	0.017269	0.009901	0.004582	0.010534	0.000101	0.001412	0.002933	0.020386	0.009944	0.025806	0.006505	0.012860	0.004551	0.010420	0.038747	0.000814	0.006226	0.004212	0.003823	0.011986	0.028297	0.005936	0.008311	0.005431	0.007534	0.006995	0.031720	0.003001	0.040412	0.012775	0.012421	0.000132	0.000867	0.014947	0.011898	0.001521	0.009007	0.008442	0.008809	0.003730	0.000096	0.001620	0.004506	0.002423	0.011119	0.001935	0.000479	0.002145	0.002744	0.004839	0.004199	0.003170	0.001766	0.027461	0.016153	0.004727	0.036388	
5600	-4088.172963	284.411852	4.111247	0.140616	0.175882	0.359873	0.040278	0.029470	0.006185	0.000657	0.209777	0.000799	0.018176	0.004931	0.095352	0.007600	0.001996	0.042739	0.096723	0.085444	0.063527	0.004507	0.004706	0.013600	0.018013	0.016839	0.049729	0.031025	0.002187	0.021422	0.001199	0.003232	0.007537	0.039436	0.016763	0.001180	0.006303	0.002055	0.010995	0.017474	0.046830	0.030816	0.007412	0.012815	0.011453	0.007029	0.017385	0.009968	0.004613	0.010604	0.000102	0.001422	0.002953	0.020523	0.010010	0.025980	0.006549	0.012946	0.004581	0.010894	0.039008	0.000819	0.006268	0.004240	0.003848	0.012067	0.028488	0.005976	0.005203	0.005467	0.007585	0.007042	0.031934	0.003021	0.040684	0.012861	0.012504	0.000133	0.000873	0.015047	0.011978	0.001532	0.009068	0.008499	0.008869	0.003755	0.000096	0.001631	0.004536	0.002439	0.011193	0.001948	0.000483	0.002159	0.002762	0.004871	0.004227	0.003192	0.001778	0.027646	0.016262	0.004759	0.036633	
5700	-4096.691838	285.665616	3.812065	0.140616	0.175882	0.359873	0.040278	0.029470	0.006185	0.000657	0.209777	0.000799	0.018176	0.004931	0.095352	0.007600	0.001996	0.042739	0.096723	0.085444	0.064146	0.004551	0.004751	0.013733	0.018189	0.017003	0.050214	0.031328	0.002209	0.021631	0.001211	0.003264	0.007610	0.039820	0.016926	0.001192	0.006364	0.002075	0.011102	0.015209	0.047286	0.031117	0.007485	0.012940	0.011564	0.007097	0.017555	0.010065	0.004658	0.010708	0.000103	0.001435	0.002981	0.020723	0.010108	0.026233	0.006613	0.013073	0.004626	0.006836	0.039388	0.000827	0.006329	0.004281	0.003886	0.012184	0.028766	0.006034	0.005254	0.005520	0.007659	0.007111	0.032245	0.003050	0.041081	0.012987	0.012626	0.000135	0.000882	0.015194	0.012095	0.001547	0.009156	0.008582	0.008955	0.003791	0.000097	0.001646	0.004581	0.002463	0.008153	0.001967	0.000487	0.002180	0.002789	0.004919	0.004268	0.003223	0.001796	0.027915	0.016421	0.004805	0.036990	
5800	-4110.518266	285.410021	3.871300	0.140616	0.175882	0.340050	0.030702	0.026126	0.015364	0.000217	0.198021	0.000792	0.013809	0.002230	0.129620	0.003554	0.002542	0.044176	0.090557	0.102241	0.063512	0.004506	0.004704	0.013597	0.018009	0.016835	0.049718	0.031018	0.002187	0.021417	0.001199	0.003232	0.007535	0.039427	0.016759	0.001180	0.006301	0.002055	0.010992	0.015059	0.046819	0.030809	0.007411	0.012813	0.011450	0.007027	0.017381	0.009965	0.004611	0.010602	0.000100	0.001421	0.002952	0.020518	0.010008	0.025974	0.006547	0.022828	0.004580	0.006768	0.038999	0.000819	0.006266	0.004239	0.003848	0.012064	0.028481	0.005975	0.005202	0.005466	0.007583	0.007041	0.031926	0.003020	0.040675	0.012858	0.012502	0.000133	0.000873	0.015044	0.011975	0.001531	0.009066	0.008497	0.008866	0.003754	0.000096	0.001630	0.004535	0.002438	0.008073	0.001947	0.000482	0.002159	0.002762	0.004870	0.004226	0.003191	0.001778	0.027639	0.016258	0.004758	0.036625	
5900	-4120.238951	284.989493	3.871300	0.142484	0.178219	0.321294	0.031596	0.018730	0.020898	0.000501	0.199079	0.001096	0.014515	0.004220	0.133724	0.001761	0.001197	0.053446	0.085320	0.112623	0.064313	0.004562	0.004764	0.013768	0.018236	0.012037	0.050345	0.031410	0.002215	0.021687	0.001214	0.003272	0.007630	0.039924	0.016971	0.001195	0.006381	0.002081	0.011131	0.015249	0.047409	0.031198	0.013443	0.012974	0.011594	0.007116	0.017601	0.010091	0.004670	0.010736	0.000101	0.001439	0.002989	0.020777	0.010134	0.026302	0.006630	0.023116	0.004638	0.006853	0.039491	0.000830	0.006345	0.004292	0.003896	0.012216	0.015176	0.006050	0.005267	0.005535	0.007679	0.007129	0.032329	0.003058	0.041188	0.013021	0.012659	0.000135	0.000884	0.015234	0.012126	0.001551	0.009180	0.008604	0.008978	0.003801	0.000098	0.001651	0.004593	0.002469	0.008175	0.001972	0.000488	0.002186	0.002796	0.004932	0.004279	0.003231	0.001800	0.027988	0.016464	0.004818	0.037207	
6000	-4110.174282	284.428987	4.004325	0.142484	0.178219	0.296820	0.043104	0.016756	0.028221	0.000450	0.215894	0.003797	0.020531	0.004521	0.125542	0.003245	0.001211	0.057526	0.087638	0.094742	0.061624	0.004569	0.004771	0.013789	0.018263	0.012055	0.050420	0.031456	0.002218	0.021719	0.001216	0.003277	0.007642	0.039984	0.016996	0.001197	0.006390	0.002084	0.011148	0.015272	0.047480	0.031245	0.013463	0.012993	0.011612	0.007127	0.017627	0.010106	0.004677	0.010752	0.000101	0.001441	0.002994	0.020808	0.010150	0.026341	0.006640	0.023151	0.004645	0.006864	0.039549	0.000831	0.006355	0.004299	0.003902	0.012234	0.015199	0.004426	0.005275	0.005543	0.007690	0.007140	0.032377	0.003063	0.041249	0.013040	0.012678	0.000135	0.000885	0.015256	0.012144	0.001553	0.009194	0.008617	0.008992	0.003807	0.000098	0.001653	0.004599	0.002473	0.008187	0.001975	0.000489	0.002189	0.002801	0.004939	0.007214	0.003236	0.001803	0.028030	0.016488	0.004825	0.037263	
6100	-4110.792538	284.428987	4.004325	0.138723	0.181981	0.288620	0.030803	0.014369	0.035841	0.000089	0.189664	0.004371	0.016201	0.002197	0.128539	0.003970	0.002637	0.072662	0.095981	0.114058	0.061445	0.004556	0.004757	0.013749	0.018210	0.012020	0.050274	0.031365	0.002211	0.021656	0.001213	0.003268	0.007619	0.039867	0.016946	0.001193	0.006372	0.002078	0.011115	0.015227	0.047342	0.031154	0.013424	0.012956	0.011578	0.007106	0.017576	0.010077	0.004663	0.010721	0.000101	0.001437	0.002985	0.020748	0.010120	0.026264	0.006621	0.022605	0.004632	0.006844	0.039434	0.000828	0.006336	0.004286	0.003890	0.012199	0.015155	0.004414	0.005260	0.005527	0.007668	0.007119	0.032283	0.003054	0.041130	0.013002	0.012641	0.000135	0.000883	0.015212	0.012109	0.001548	0.009167	0.008592	0.008966	0.003796	0.000100	0.001648	0.004586	0.002466	0.008163	0.001969	0.003871	0.002183	0.002793	0.004925	0.007193	0.003226	0.001798	0.027948	0.016440	0.004811	0.037154	
6200	-4104.085074	284.370153	4.018541	0.138723	0.181981	0.290008	0.033528	0.023009	0.032753	0.000094	0.185605	0.003992	0.013937	0.001230	0.137575	0.009983	0.000713	0.070510	0.092757	0.104305	0.061731	0.004577	0.004779	0.013813	0.018295	0.012076	0.050508	0.031511	0.002222	0.014967	0.001218	0.003283	0.007655	0.040053	0.017025	0.001199	0.006401	0.002088	0.011167	0.015298	0.047562	0.031299	0.013486	0.013016	0.011632	0.007139	0.017658	0.010124	0.004685	0.010770	0.000102	0.001444	0.002999	0.020844	0.010167	0.026386	0.006651	0.024846	0.004653	0.006876	0.039618	0.000832	0.006366	0.004306	0.003909	0.012255	0.015225	0.004434	0.005284	0.005553	0.007704	0.007152	0.032433	0.003068	0.041321	0.013063	0.012700	0.000135	0.000887	0.015283	0.012165	0.001556	0.009210	0.008632	0.009007	0.003813	0.000100	0.001656	0.004607	0.002477	0.008201	0.001978	0.003889	0.002193	0.002805	0.004948	0.007227	0.003242	0.001806	0.028078	0.016517	0.004834	0.037327	
6300	-4110.619878	284.559799	3.972890	0.138723	0.181981	0.295355	0.040131	0.018749	0.025251	0.000049	0.189665	0.002118	0.016272	0.002033	0.137826	0.005335	0.000329	0.071662	0.088820	0.106406	0.061838	0.004585	0.004787	0.013837	0.018327	0.012097	0.050596	0.031566	0.002226	0.014993	0.001220	0.003289	0.007668	0.040123	0.017055	0.001201	0.006412	0.002091	0.011186	0.015325	0.047645	0.031353	0.013510	0.013039	0.011652	0.007151	0.017688	0.010141	0.004693	0.010789	0.000102	0.001446	0.003004	0.020880	0.010185	0.026432	0.006663	0.024889	0.005564	0.006888	0.039687	0.000834	0.006377	0.004314	0.003915	0.012277	0.015252	0.004442	0.005293	0.005562	0.007717	0.004521	0.032490	0.003073	0.041393	0.013085	0.012722	0.000136	0.000888	0.015309	0.012186	0.001558	0.009226	0.008647	0.009023	0.003820	0.000100	0.001659	0.004615	0.002482	0.008215	0.001982	0.003896	0.002197	0.002810	0.004956	0.007239	0.003247	0.001809	0.028127	0.016545	0.004842	0.037392	
6400	-4102.493062	284.066724	4.092633	0.138723	0.181981	0.292997	0.031973	0.017404	0.028761	0.000079	0.184704	0.001340	0.020084	0.002347	0.150738	0.004916	0.000374	0.074222	0.078645	0.111415	0.062196	0.004612	0.004815	0.013917	0.018433	0.012167	0.050888	0.031748	0.002238	0.015080	0.001227	0.003308	0.007712	0.040355	0.017154	0.001208	0.006449	0.002103	0.011251	0.015413	0.047921	0.031535	0.003042	0.013114	0.011719	0.007193	0.017791	0.010200	0.004720	0.010852	0.000102	0.001455	0.003021	0.021001	0.010244	0.026585	0.006702	0.025033	0.005596	0.006927	0.039917	0.000838	0.006414	0.004339	0.003938	0.012348	0.015340	0.000991	0.005324	0.005595	0.007762	0.004547	0.032678	0.003091	0.041632	0.013161	0.012796	0.000136	0.000893	0.015398	0.021039	0.001567	0.009279	0.008697	0.009075	0.003842	0.000101	0.001669	0.004642	0.002496	0.008263	0.001993	0.003919	0.002210	0.002827	0.004985	0.007281	0.003266	0.001276	0.028290	0.016641	0.004870	0.037608	
6500	-4083.780478	283.855353	4.145022	0.138723	0.181981	0.292997	0.031973	0.017404	0.028761	0.000079	0.184704	0.001340	0.020084	0.002347	0.150738	0.004916	0.000374	0.074222	0.078645	0.111415	0.062322	0.004621	0.004825	0.013945	0.018470	0.005465	0.050992	0.031813	0.002243	0.015110	0.001230	0.003314	0.007728	0.040437	0.017188	0.001210	0.005861	0.002108	0.011274	0.015445	0.048018	0.031599	0.003048	0.013141	0.011743	0.007207	0.017827	0.010221	0.004730	0.010874	0.000103	0.001458	0.003028	0.021044	0.010265	0.026639	0.006715	0.025084	0.005608	0.006941	0.039998	0.000840	0.006427	0.004348	0.003946	0.012373	0.015371	0.000993	0.005335	0.005606	0.007778	0.004556	0.032744	0.003097	0.041717	0.013188	0.011323	0.000137	0.000895	0.015429	0.021082	0.001571	0.005676	0.008715	0.019511	0.003850	0.000101	0.001672	0.004652	0.002501	0.008280	0.001997	0.003926	0.002214	0.002832	0.004995	0.007296	0.003273	0.001278	0.028347	0.016675	0.004880	0.037685	
6600	-4062.040254	283.855353	4.145022	0.138723	0.181981	0.295729	0.030288	0.015029	0.029985	0.000261	0.178740	0.000192	0.018510	0.001429	0.165583	0.004833	0.000797	0.072190	0.075451	0.110983	0.063025	0.004673	0.004879	0.014102	0.018679	0.005527	0.051566	0.032171	0.002268	0.015281	0.001244	0.003352	0.007815	0.040892	0.017382	0.001224	0.005927	0.002131	0.011401	0.015619	0.048559	0.031955	0.003083	0.013289	0.011876	0.007289	0.018028	0.010336	0.004783	0.010996	0.000104	0.001474	0.003062	0.021281	0.010380	0.026940	0.006791	0.025366	0.005671	0.007020	0.040448	0.000850	0.006499	0.004397	0.003991	0.012512	0.015544	0.001004	0.005395	0.005669	0.007865	0.004607	0.033113	0.003132	0.042187	0.013337	0.011450	0.000138	0.000905	0.015603	0.021319	0.001588	0.005740	0.008813	0.019730	0.003893	0.000102	0.001691	0.004704	0.002529	0.000772	0.002020	0.003971	0.002239	0.002864	0.001382	0.007378	0.003309	0.001293	0.028667	0.016863	0.004935	0.038110	
6700	-4056.328100	284.664952	3.947795	0.138723	0.181981	0.295729	0.030288	0.015029	0.029985	0.000261	0.178740	0.000192	0.018510	0.001429	0.165583	0.004833	0.000797	0.072190	0.075451	0.110983	0.061941	0.004593	0.004795	0.013860	0.018357	0.005432	0.050680	0.031618	0.002229	0.015018	0.001222	0.003294	0.007681	0.040189	0.017083	0.001203	0.005825	0.002095	0.011205	0.015350	0.047724	0.031405	0.003030	0.013060	0.011671	0.007163	0.017718	0.010158	0.004701	0.010807	0.000102	0.001449	0.003009	0.020915	0.010202	0.026476	0.006674	0.024930	0.005573	0.006899	0.039753	0.000835	0.006387	0.004321	0.003922	0.012297	0.015277	0.000987	0.008961	0.005572	0.018140	0.004528	0.032544	0.003078	0.041462	0.013107	0.011253	0.000136	0.000890	0.015335	0.020953	0.001561	0.005641	0.008661	0.019391	0.003826	0.000099	0.001662	0.004623	0.002486	0.000758	0.001985	0.003902	0.002201	0.002815	0.001358	0.010378	0.003253	0.001271	0.028174	0.016573	0.004850	0.037454	
6800	-4056.049003	284.450563	3.999124	0.138723	0.181981	0.291321	0.025132	0.013269	0.025793	0.000521	0.197769	0.000714	0.014590	0.002459	0.170006	0.003470	0.002462	0.074301	0.067466	0.110727	0.060982	0.004522	0.004721	0.013645	0.018073	0.005348	0.049895	0.031129	0.002195	0.014785	0.001203	0.003243	0.007562	0.047883	0.016819	0.001184	0.005735	0.002062	0.011031	0.015113	0.046985	0.030919	0.002983	0.012858	0.011491	0.007052	0.017443	0.010001	0.004628	0.010640	0.000100	0.001426	0.002962	0.020591	0.010044	0.026066	0.006571	0.024544	0.011766	0.006792	0.039137	0.000822	0.006289	0.004254	0.003861	0.012107	0.015040	0.000972	0.008822	0.005485	0.017859	0.004458	0.032040	0.003031	0.040820	0.012904	0.011079	0.000134	0.000876	0.015097	0.020628	0.001537	0.003505	0.008527	0.022030	0.003767	0.000097	0.001636	0.004552	0.002447	0.000747	0.001954	0.003842	0.002167	0.002771	0.001337	0.010218	0.003202	0.001251	0.027738	0.016316	0.004775	0.036874	
6900	-4054.494326	283.811069	4.156079	0.138723	0.181981	0.277813	0.021456	0.012453	0.035786	0.000082	0.203953	0.000899	0.015879	0.003198	0.178596	0.003943	0.003001	0.067496	0.060327	0.115118	0.061530	0.004562	0.004764	0.013768	0.018271	0.005396	0.050343	0.031409	0.002214	0.014918	0.001214	0.003272	0.007630	0.048314	0.016970	0.001195	0.005786	0.002081	0.012427	0.015248	0.047408	0.031197	0.003010	0.012974	0.011594	0.007116	0.017600	0.010091	0.004670	0.010735	0.000100	0.001439	0.002989	0.020776	0.010134	0.026301	0.006630	0.011293	0.011871	0.006853	0.039489	0.000829	0.006345	0.004292	0.003896	0.012216	0.015176	0.000980	0.008902	0.005535	0.018020	0.004498	0.032328	0.003058	0.041187	0.013020	0.011179	0.000135	0.000884	0.015233	0.020814	0.001551	0.003537	0.008604	0.022228	0.003801	0.000098	0.001651	0.009425	0.002469	0.000753	0.001972	0.002195	0.002186	0.002796	0.001349	0.010310	0.003231	0.001262	0.027987	0.016463	0.004818	0.037206	
7000	-4011.399253	283.621960	4.203619	0.138723	0.181981	0.275557	0.022693	0.009319	0.031849	0.000026	0.211282	0.000900	0.015674	0.004248	0.180133	0.006745	0.002891	0.059340	0.065366	0.113977	0.060604	0.004494	0.004692	0.013561	0.017996	0.005314	0.049586	0.030936	0.002181	0.014694	0.001196	0.003223	0.007515	0.047587	0.016715	0.006832	0.005699	0.003639	0.012240	0.015019	0.046694	0.030728	0.002964	0.012778	0.011420	0.007009	0.017335	0.009939	0.004599	0.010574	0.000099	0.001417	0.002944	0.020464	0.009982	0.025905	0.006530	0.011123	0.011693	0.006750	0.038895	0.000817	0.006142	0.012137	0.003837	0.012032	0.014947	0.000966	0.008768	0.005451	0.017749	0.004431	0.031841	0.003012	0.040567	0.012824	0.011011	0.000133	0.000871	0.015004	0.020501	0.001527	0.003484	0.008474	0.021893	0.003744	0.000097	0.001626	0.009283	0.002432	0.000742	0.001942	0.002162	0.002153	0.002754	0.001329	0.010154	0.003182	0.001243	0.027566	0.016215	0.004745	0.036646	
7100	-4002.412968	284.618666	3.958822	0.144038	0.176665	0.272088	0.020056	0.008369	0.031415	0.000259	0.233868	0.000652	0.012797	0.005462	0.167875	0.005506	0.001992	0.065030	0.067811	0.106820	0.060067	0.004454	0.004650	0.013441	0.017837	0.005267	0.049146	0.030662	0.002753	0.014564	0.001330	0.003194	0.007448	0.047165	0.016566	0.006771	0.005649	0.003607	0.012131	0.020816	0.046280	0.030455	0.002938	0.012665	0.011318	0.006947	0.017182	0.009851	0.004558	0.006358	0.000098	0.001405	0.002918	0.020282	0.009893	0.025675	0.006472	0.011024	0.011589	0.006690	0.038550	0.000810	0.006087	0.012029	0.003803	0.011925	0.014815	0.000957	0.008690	0.005403	0.017591	0.004391	0.031559	0.007944	0.040207	0.012711	0.008988	0.000132	0.000863	0.014871	0.023607	0.001514	0.003453	0.008399	0.021699	0.003711	0.000096	0.001611	0.009201	0.002410	0.000735	0.001925	0.002143	0.002134	0.002730	0.001317	0.010064	0.003154	0.001232	0.027322	0.016072	0.004703	0.036321	
7200	-3999.517189	284.393294	4.012943	0.144038	0.176665	0.274165	0.027785	0.006401	0.033897	0.000225	0.223179	0.000264	0.015886	0.005947	0.156300	0.009630	0.003597	0.054958	0.071004	0.116760	0.058924	0.004369	0.004562	0.013185	0.017497	0.005167	0.048211	0.030078	0.002701	0.014287	0.001304	0.003134	0.022092	0.046268	0.016251	0.006642	0.005541	0.003538	0.011901	0.020420	0.045400	0.029876	0.002882	0.012424	0.011103	0.006814	0.016855	0.009663	0.004472	0.006237	0.000096	0.005089	0.002862	0.019896	0.009705	0.025187	0.006349	0.010815	0.011369	0.006563	0.037817	0.000794	0.005972	0.011800	0.003731	0.011698	0.014533	0.000939	0.008525	0.005300	0.017257	0.004308	0.030959	0.007793	0.039442	0.012469	0.008817	0.000129	0.000846	0.014588	0.023158	0.001485	0.003916	0.008239	0.021286	0.003640	0.000094	0.001581	0.009026	0.002365	0.000721	0.001888	0.002102	0.002093	0.002678	0.001292	0.009873	0.003094	0.001209	0.026802	0.015766	0.004614	0.035630	
7300	-3996.531544	284.128076	4.077546	0.144038	0.176665	0.280497	0.026078	0.004637	0.030546	0.000203	0.221167	0.000711	0.017517	0.003789	0.156062	0.011946	0.002506	0.051263	0.072122	0.120956	0.058979	0.004373	0.004566	0.013197	0.017514	0.005172	0.048256	0.030106	0.002704	0.014300	0.001306	0.003137	0.022112	0.046310	0.016266	0.006648	0.005546	0.003541	0.011912	0.020439	0.045442	0.029903	0.002885	0.012436	0.011113	0.006821	0.016870	0.009672	0.004476	0.006243	0.000096	0.005094	0.002865	0.019915	0.009714	0.025210	0.006355	0.010825	0.008174	0.006569	0.037852	0.000795	0.005977	0.011811	0.003734	0.011709	0.014546	0.008026	0.008533	0.005305	0.017273	0.004312	0.030987	0.007801	0.039479	0.012480	0.008825	0.000129	0.000847	0.014601	0.021140	0.001486	0.004898	0.008247	0.021306	0.003643	0.000094	0.001582	0.009034	0.002367	0.000722	0.001890	0.002104	0.001888	0.002680	0.001293	0.009882	0.003097	0.001210	0.026827	0.012243	0.004618	0.035663	
7400	-3985.275759	284.128076	4.077546	0.140011	0.180692	0.280497	0.026078	0.004637	0.030546	0.000203	0.221167	0.000711	0.017517	0.003789	0.156062	0.011946	0.002506	0.051263	0.072122	0.120956	0.060396	0.004478	0.004676	0.013514	0.017934	0.005296	0.049416	0.030830	0.002769	0.014643	0.001337	0.003212	0.021635	0.047423	0.018811	0.006808	0.005680	0.003627	0.012198	0.020930	0.046534	0.030622	0.002954	0.012735	0.011380	0.006985	0.017276	0.009905	0.004583	0.006393	0.000099	0.004801	0.002934	0.020393	0.009947	0.025816	0.006508	0.011085	0.008370	0.006727	0.038761	0.000814	0.006121	0.012095	0.003824	0.011990	0.014896	0.008219	0.008738	0.005433	0.017688	0.004415	0.031732	0.007988	0.040428	0.012780	0.009037	0.000133	0.000868	0.005797	0.021648	0.001522	0.005016	0.008445	0.021818	0.003731	0.000101	0.001620	0.009251	0.002424	0.000739	0.001935	0.002155	0.001934	0.002745	0.001324	0.004027	0.003171	0.001239	0.027471	0.003658	0.004729	0.035881	
7500	-3992.587029	284.128076	4.077546	0.135845	0.184858	0.241019	0.031870	0.010542	0.026488	0.002585	0.214332	0.000707	0.018844	0.004767	0.144958	0.018402	0.001610	0.062051	0.086939	0.134884	0.060171	0.004462	0.004658	0.013464	0.017868	0.005276	0.049231	0.030715	0.002758	0.014589	0.001332	0.003200	0.021554	0.047246	0.018741	0.006783	0.005658	0.003613	0.012152	0.020852	0.046360	0.030508	0.002943	0.012687	0.011338	0.006959	0.017211	0.009868	0.004566	0.006369	0.000100	0.004783	0.002923	0.020317	0.009910	0.025720	0.006483	0.011043	0.008339	0.006702	0.038617	0.004543	0.006098	0.012050	0.003810	0.011946	0.014840	0.008188	0.008705	0.005412	0.017622	0.004399	0.031614	0.007958	0.040277	0.012733	0.009003	0.000132	0.000864	0.005775	0.021567	0.001516	0.004997	0.008414	0.021737	0.003717	0.000100	0.001614	0.009217	0.002415	0.000737	0.001928	0.002147	0.001927	0.002735	0.001319	0.004012	0.003160	0.001234	0.027369	0.003644	0.004711	0.035747	
